{
    "CLS": 0.004934847354888916,
    "LOC": 0.0627739429473877,
    "BKG": 0.016475379467010498,
    "MISS": 0.0,
    "mAP": 0.579269528388977
}